{"cameraMode":{"drawMode":0,"name":"Shaded","section":"Shading Mode"},"sceneLighting":false,"audioPlay":false,"sceneViewState":{"showFog":true,"showMaterialUpdate":false,"showSkybox":false,"showFlares":true,"showImageEffects":true,"showParticleSystems":true},"in2DMode":false,"pivot":{"x":0.5781381130218506,"y":-3.433018445968628,"z":150.8712158203125},"rotation":{"x":0.03868931531906128,"y":-0.007192297372967005,"z":0.0002784006646834314,"w":0.9992269277572632},"size":7.7135467529296879,"orthographic":false}